{
    "lr-25-2": {
        "rmse": 34.3145979546472,
        "mse": 1177.4916327890778,
        "mae": 16.93934244147495,
        "r2": 0.06798042496593937,
        "explained_variance": 87.08617481106091,
        "train_time": 572.78956,
        "inference_time": 0.208681
    },

    "lr-25-4": {
        "rmse": 34.3137367901984,
        "mse": 1177.4325325070151,
        "mae": 16.92661763308809,
        "r2": 0.06802720459327471,
        "explained_variance": 87.18497800986079,
        "train_time": 610.5127,
        "inference_time": 0.161585
    },

    "lr-25-8": {
        "rmse": 34.3145979546472,
        "mse": 1177.4916327890778,
        "mae": 16.93934244147495,
        "r2": 0.06798042496593937,
        "explained_variance": 87.08617481106091,
        "train_time": 610.575496,
        "inference_time": 0.183489
    },

    "lr-50-2": {
        "rmse": 34.210664562262174,
        "mse": 1170.3695697916212,
        "mae": 16.91108649402287,
        "r2": 0.06927381404502453,
        "explained_variance": 87.22764192087065,
        "train_time": 1278.992726,
        "inference_time": 0.157963
    },

    "lr-50-4": {
        "rmse": 34.210664562262174,
        "mse": 1170.3695697916212,
        "mae": 16.91108649402287,
        "r2": 0.06927381404502453,
        "explained_variance": 87.22764192087065,
        "train_time": 1238.834947,
        "inference_time": 0.152443
    },

    "lr-50-8": {
        "rmse": 34.210664562262174,
        "mse": 1170.3695697916212,
        "mae": 16.91108649402287,
        "r2": 0.06927381404502453,
        "explained_variance": 87.22764192087065,
        "train_time": 1101.339715,
        "inference_time": 0.162067
    },

    "lr-75-2": {
        "rmse": 34.24831697707664,
        "mse": 1172.9472157623159,
        "mae": 16.89543334116472,
        "r2": 0.06908750160793553,
        "explained_variance": 87.13116761024142,
        "train_time": 1544.584659,
        "inference_time": 0.152713
    },

    "lr-75-4": {
        "rmse": 34.24831697707664,
        "mse": 1172.9472157623159,
        "mae": 16.89543334116472,
        "r2": 0.06908750160793553,
        "explained_variance": 87.13116761024142,
        "train_time": 1584.866959,
        "inference_time": 0.136656
    },

    "lr-75-8": {
        "rmse": 34.24831697707664,
        "mse": 1172.9472157623159,
        "mae": 16.89543334116472,
        "r2": 0.06908750160793553,
        "explained_variance": 87.13116761024142,
        "train_time": 1530.362289,
        "inference_time": 0.180746
    },

    "lr-100-2": {
        "rmse": 34.33474007187769,
        "mse": 1178.8743758034036,
        "mae": 16.907282019169415,
        "r2": 0.06867241947526725,
        "explained_variance": 86.88275296173373,
        "train_time": 1773.752259,
        "inference_time": 0.128169
    },

    "lr-100-4": {
        "rmse": 34.33474007187769,
        "mse": 1178.8743758034036,
        "mae": 16.907282019169415,
        "r2": 0.06867241947526725,
        "explained_variance": 86.88275296173373,
        "train_time": 1816.372943,
        "inference_time": 0.208579
    },

    "lr-100-8": {
        "rmse": 34.33474007187769,
        "mse": 1178.8743758034036,
        "mae": 16.907282019169415,
        "r2": 0.06867241947526725,
        "explained_variance": 86.88275296173373,
        "train_time": 1794.975222,
        "inference_time": 0.164146
    },

    "rf-25-2": {
        "rmse": 25.623891285435715,
        "mse": 656.5838046078284,
        "mae": 12.981542549329399,
        "r2": 0.4802944313962252,
        "explained_variance": 436.2953036537915,
        "train_time": 1219.724191,
        "inference_time": 0.615247
    },

    "rf-25-4": {
        "rmse": 25.493361744173487,
        "mse": 649.9114930192883,
        "mae": 12.908474550306856,
        "r2": 0.4855757640512317,
        "explained_variance": 448.41248255426893,
        "train_time": 1204.361874,
        "inference_time": 0.536826
    },

    "rf-25-8": {
        "rmse": 25.51893688739753,
        "mse": 651.2161398629783,
        "mae": 12.915374621641876,
        "r2": 0.4845430973528322,
        "explained_variance": 458.854200273413,
        "train_time": 1070.311221,
        "inference_time": 0.602603
    },

    "rf-50-2": {
        "rmse": 25.39711101997251,
        "mse": 645.0132481608091,
        "mae": 12.838551064748511,
        "r2": 0.48705884376502884,
        "explained_variance": 442.68289904605524,
        "train_time": 2669.955226,
        "inference_time": 0.676151
    },

    "rf-50-4": {
        "rmse": 25.412403641036413,
        "mse": 645.7902588149607,
        "mae": 12.832586560576184,
        "r2": 0.4864409328236895,
        "explained_variance": 449.3120182508423,
        "train_time": 2439.042324,
        "inference_time": 0.591018
    },

    "rf-50-8": {
        "rmse": 25.39711101997251,
        "mse": 645.0132481608091,
        "mae": 12.838551064748511,
        "r2": 0.48705884376502884,
        "explained_variance": 442.68289904605524,
        "train_time": 2336.461726,
        "inference_time": 0.657725
    },

    "rf-75-2": {
        "rmse": 25.48509330896584,
        "mse": 649.4899809666954,
        "mae": 12.873721881830566,
        "r2": 0.484530648321314,
        "explained_variance": 439.270929364047,
        "train_time": 3411.14762,
        "inference_time": 0.692453
    },

    "rf-75-4": {
        "rmse": 25.429264149391486,
        "mse": 646.6474751795271,
        "mae": 12.847746516332887,
        "r2": 0.4867866101655194,
        "explained_variance": 448.12293255537253,
        "train_time": 3236.732113,
        "inference_time": 0.620276
    },

    "rf-75-8": {
        "rmse": 25.509376688852765,
        "mse": 650.7282990537849,
        "mae": 12.870453018943158,
        "r2": 0.48354785406700695,
        "explained_variance": 433.54331211105693,
        "train_time": 3087.752957,
        "inference_time": 0.630333
    },

    "rf-100-2": {
        "rmse": 25.730204580669024,
        "mse": 662.0434277630812,
        "mae": 12.997263757887191,
        "r2": 0.4769762440881864,
        "explained_variance": 427.2882022592554,
        "train_time": 4084.700493,
        "inference_time": 0.657228
    },

    "rf-100-4": {
        "rmse": 25.730204580669024,
        "mse": 662.0434277630812,
        "mae": 12.997263757887191,
        "r2": 0.4769762440881864,
        "explained_variance": 427.2882022592554,
        "train_time": 4066.431077,
        "inference_time": 0.614016
    },

    "rf-100-8": {
        "rmse": 25.682632630806477,
        "mse": 659.5976188489656,
        "mae": 12.975087660477797,
        "r2": 0.47890846803431875,
        "explained_variance": 425.6032513813306,
        "train_time": 3990.462074,
        "inference_time": 0.592992
    },

    "gbt-25-2": {
        "rmse": 24.598986858757296,
        "mse": 605.1101544773142,
        "mae": 11.99321060012615,
        "r2": 0.5210373532006534,
        "explained_variance": 735.163458209529,
        "train_time": 3356.159913,
        "inference_time": 1.69131
    },

    "gbt-25-4": {
        "rmse": 24.30314230076578,
        "mse": 590.642725691271,
        "mae": 11.910094873257266,
        "r2": 0.5324887524747735,
        "explained_variance": 725.0368651101955,
        "train_time": 3391.565881,
        "inference_time": 1.556124
    },

    "gbt-25-8": {
        "rmse": 24.587929779811596,
        "mse": 604.5662908569459,
        "mae": 12.006239587278511,
        "r2": 0.5214678373979222,
        "explained_variance": 735.8644294421888,
        "train_time": 3201.343635,
        "inference_time": 1.542916
    },

    "gbt-50-2": {
        "rmse": 24.305718290757188,
        "mse": 590.7679416296486,
        "mae": 11.870082484751316,
        "r2": 0.5301969503570301,
        "explained_variance": 698.2323960052097,
        "train_time": 6280.533201,
        "inference_time": 2.058972
    },

    "gbt-50-4": {
        "rmse": 24.297851968431836,